<?xml version="1.0" encoding="UTF-8" standalone="yes"?>
<addon id="script.updater.4k" name="Updater 4K" version="1.0.0" provider-name="kenshi">
	<requires>
		<import addon="xbmc.python" version="3.0.0"/>
	</requires>
	<extension point="xbmc.python.script" library="addon.py">
		<provides>executable</provides>
	</extension>
	<extension point="xbmc.addon.metadata">
		<platform>all</platform>
		<summary lang="en">Updater Serien</summary>
		<description lang="en">Updater Serien</description>
		<license>GNU General Public License, v2</license>
		<language></language>
		<forum>http://forum.kodi.tv/showthread.php?tid=209948</forum>
		<source>https://github.com/zag2me/script.hello.world</source>
		<website>Kodi.tv</website>
		<email>zag@kodi.org</email>
		<assets>
			<icon>icon.png</icon>
			<fanart>fanart.jpg</fanart>
		</assets>
		<news>Updated the addon to use new addon.xml metadata</news>
	</extension>
</addon>
