<?xml version="1.0" encoding="UTF-8"?>
    <addon id="repository.kenshi" name="Kenshi Repo" version="1.0.0" provider-name="kenshi">
        <requires>
            <import addon="xbmc.addon" version="12.0.0"/>
        </requires>
        <extension point="xbmc.addon.repository" name="Kenshi Repo">
            <info compressed="false">https://raw.githubusercontent.com/KenshiHH/kodi/main/_repo/addons.xml</info>
            <checksum>https://raw.githubusercontent.com/KenshiHH/kodi/main/_repo/addons.xml.md5</checksum>
            <datadir zip="true">https://raw.githubusercontent.com/KenshiHH/kodi/main/_repo/</datadir>
            <hashes>false</hashes>
        </extension>
        <extension point="xbmc.addon.metadata">
            <summary>custom addons</summary>
            <description>own custom addons</description>
            <platform>all</platform>
    </extension>
</addon>